dg,first_law_rms,plateau
0.001,5.4547277898984575e-06,-1.7347234759768072e-19
0.002,2.1761629491731033e-05,-2.168404344971009e-19
0.005,0.0001349412972778595,-6.071532165918824e-19
