{
  "OBC_plateau": -4.77048955893622e-19,
  "PBC_plateau": -2.168404344971009e-19,
  "abs_diff": 2.602085213965211e-19,
  "threshold": 9.81569948419707e-05,
  "verdict": "PASS"
}