{
  "a1_base": -0.0003778212386951227,
  "a1_wide": -0.00023432393261803457,
  "abs_diff": 0.00014349730607708815
}