L,first_law_rms,plateau_se
10,2.1761630684096152e-05,3.271900185852653e-05
12,2.3410440580708653e-05,1.9889111098877858e-05
