{
  "plateau_value": -6.071532165918824e-19,
  "plateau_std": 1.9889111098877858e-05,
  "first_law_rms": 2.3410440580708653e-05,
  "a0": -0.0010033830502127414,
  "a1": -0.0006098908277203746,
  "settings": {
    "L": 12,
    "J": 1.0,
    "g0": 1.0,
    "dg": 0.002,
    "block_min": 2,
    "block_max": 6,
    "regularizer": 1e-10,
    "seed": 7,
    "maxiter_eig": 2000,
    "pbc": false
  }
}