method,d_beta_rel,d_Omega_rel,d_a0_rel
"QFT–MI, quick",0.0,0.0,0.0
core window,0.025938169752934115,0.02593816975293406,0.05254912815600027
Replica/OPE proxy,1.195079807793433e-05,1.1950798077980096e-05,2.390173897750242e-05
core window extrap,0.024042596724206923,0.024042596724206926,0.048663239905656706
